Date,Value
4/1/20,2.41
3/31/20,2.4
2/29/20,1.8
2/28/20,1.97
1/31/20,1.79
12/31/19,1.83
11/30/19,1.86
11/1/19,1.87
10/31/19,1.93
9/30/19,1.92
8/31/19,1.96
7/31/19,1.88
6/30/19,1.94
5/31/19,1.95
4/30/19,1.9
3/31/19,1.96
2/28/19,1.98
1/31/19,2.08
12/31/18,2.09
11/30/18,1.96
10/31/18,1.9
9/30/18,1.8
8/31/18,1.82
7/31/18,1.84
6/30/18,1.85
5/31/18,1.88
4/30/18,1.9
3/31/18,1.85
2/28/18,1.84
1/31/18,1.77
12/31/17,1.84
11/30/17,1.88
10/31/17,1.89
9/30/17,1.93
8/31/17,1.95
7/31/17,1.94
6/30/17,1.94
5/31/17,1.96
4/30/17,1.98
3/31/17,1.96
2/28/17,1.98
1/31/17,2.02
12/31/16,2.03
11/30/16,2.1
10/31/16,2.11
9/30/16,2.09
8/31/16,2.07
7/31/16,2.08
6/30/16,2.13
5/31/16,2.14
4/30/16,2.12
3/31/16,2.17
2/29/16,2.3
1/31/16,2.27
12/31/15,2.11
11/30/15,2.07
10/31/15,2.11
9/30/15,2.19
8/31/15,2.07
7/31/15,2.01
6/30/15,1.99
5/31/15,1.96
4/30/15,1.96
3/31/15,1.96
2/28/15,1.94
1/31/15,1.97
12/31/14,1.92
11/30/14,1.91
10/31/14,2
9/30/14,1.93
8/31/14,1.94
7/31/14,1.91
6/30/14,1.92
5/31/14,1.96
4/30/14,1.96
3/31/14,1.94
2/28/14,1.97
1/31/14,1.94
12/31/13,1.94
11/30/13,1.95
10/31/13,2.01
9/30/13,2.04
8/31/13,2.04
7/31/13,2.02
6/30/13,2.06
5/31/13,2.01
4/30/13,2.07
3/31/13,2.07
2/28/13,2.1
1/31/13,2.13
12/31/12,2.2
11/30/12,2.2
10/31/12,2.1
9/30/12,2.05
8/31/12,2.08
7/31/12,2.11
6/30/12,2.14
5/31/12,2.09
4/30/12,2
3/31/12,1.97
2/29/12,2
1/31/12,2.06
12/31/11,2.13
11/30/11,2.12
10/31/11,2.12
9/30/11,2.15
8/31/11,2.1
7/31/11,1.86
6/30/11,1.89
5/31/11,1.8
4/30/11,1.78
3/31/11,1.8
2/28/11,1.76
1/31/11,1.79
12/31/10,1.83
11/30/10,1.89
10/31/10,1.92
9/30/10,1.99
8/31/10,2.05
7/31/10,2.05
6/30/10,2.03
5/31/10,1.95
4/30/10,1.83
3/31/10,1.9
2/28/10,2.03
1/31/10,1.98
12/31/09,2.02
11/30/09,2.1
10/31/09,2.19
9/30/09,2.29
8/31/09,2.42
7/31/09,2.67
6/30/09,2.76
5/31/09,2.9
4/30/09,3.15
3/31/09,3.6
2/28/09,3.43
1/31/09,3.24
12/31/08,3.23
11/30/08,3.23
10/31/08,2.96
9/30/08,2.37
8/31/08,2.25
7/31/08,2.29
6/30/08,2.14
5/31/08,2.04
4/30/08,2.08
3/31/08,2.15
2/29/08,2.07
1/31/08,2.03
12/31/07,1.87
11/30/07,1.88
10/31/07,1.77
9/30/07,1.8
8/31/07,1.84
7/31/07,1.74
6/30/07,1.73
5/31/07,1.72
4/30/07,1.76
3/31/07,1.81
2/28/07,1.75
1/31/07,1.76
12/31/06,1.76
11/30/06,1.77
10/31/06,1.79
9/30/06,1.83
8/31/06,1.85
7/31/06,1.88
6/30/06,1.87
5/31/06,1.8
4/30/06,1.77
3/31/06,1.76
2/28/06,1.77
1/31/06,1.75
12/31/05,1.76
11/30/05,1.78
10/31/05,1.82
9/30/05,1.75
8/31/05,1.74
7/31/05,1.73
6/30/05,1.74
5/31/05,1.76
4/30/05,1.76
3/31/05,1.69
2/28/05,1.66
1/31/05,1.67
12/31/04,1.62
11/30/04,1.66
10/31/04,1.72
9/30/04,1.71
8/31/04,1.74
7/31/04,1.7
6/30/04,1.64
5/31/04,1.67
4/30/04,1.61
3/31/04,1.6
2/29/04,1.56
1/31/04,1.55
12/31/03,1.61
11/30/03,1.63
10/31/03,1.62
9/30/03,1.63
8/31/03,1.66
7/31/03,1.64
6/30/03,1.64
5/31/03,1.73
4/30/03,1.82
3/31/03,1.92
2/28/03,1.93
1/31/03,1.8
12/31/02,1.79
11/30/02,1.76
10/31/02,1.86
9/30/02,1.82
8/31/02,1.74
7/31/02,1.77
6/30/02,1.58
5/31/02,1.48
4/30/02,1.42
3/31/02,1.36
2/28/02,1.43
1/31/02,1.38
12/31/01,1.37
11/30/01,1.39
10/31/01,1.46
9/30/01,1.51
8/31/01,1.33
7/31/01,1.3
6/30/01,1.27
5/31/01,1.24
4/30/01,1.33
3/31/01,1.35
2/28/01,1.23
1/31/01,1.21
12/31/00,1.22
11/30/00,1.18
10/31/00,1.17
9/30/00,1.11
8/31/00,1.11
7/31/00,1.13
6/30/00,1.14
5/31/00,1.18
4/30/00,1.15
3/31/00,1.16
2/29/00,1.21
1/31/00,1.17
12/31/99,1.17
11/30/99,1.2
10/31/99,1.28
9/30/99,1.26
8/31/99,1.25
7/31/99,1.2
6/30/99,1.24
5/31/99,1.23
4/30/99,1.23
3/31/99,1.28
2/28/99,1.31
1/31/99,1.3
12/31/98,1.36
11/30/98,1.41
10/31/98,1.57
9/30/98,1.58
8/31/98,1.5
7/31/98,1.38
6/30/98,1.44
5/31/98,1.43
4/30/98,1.42
3/31/98,1.45
2/28/98,1.52
1/31/98,1.61
12/31/97,1.61
11/30/97,1.64
10/31/97,1.62
9/30/97,1.64
8/31/97,1.65
7/31/97,1.64
6/30/97,1.73
5/31/97,1.82
4/30/97,1.98
3/31/97,1.9
2/28/97,1.88
1/31/97,1.95
12/31/96,2
11/30/96,2.01
10/31/96,2.1
9/30/96,2.17
8/31/96,2.19
7/31/96,2.24
6/30/96,2.14
5/31/96,2.15
4/30/96,2.19
3/31/96,2.18
2/29/96,2.16
1/31/96,2.26
12/31/95,2.24
11/30/95,2.3
10/31/95,2.34
9/30/95,2.35
8/31/95,2.42
7/31/95,2.41
6/30/95,2.48
5/31/95,2.54
4/30/95,2.61
3/31/95,2.67
2/28/95,2.73
1/31/95,2.83
12/31/94,2.89
11/30/94,2.84
10/31/94,2.8
9/30/94,2.77
8/31/94,2.78
7/31/94,2.85
6/30/94,2.82
5/31/94,2.84
4/30/94,2.85
3/31/94,2.74
2/28/94,2.69
1/31/94,2.67
12/31/93,2.7
11/30/93,2.71
10/31/93,2.7
9/30/93,2.73
8/31/93,2.76
7/31/93,2.8
6/30/93,2.79
5/31/93,2.81
4/30/93,2.82
3/31/93,2.77
2/28/93,2.82
1/31/93,2.85
12/31/92,2.84
11/30/92,2.93
10/31/92,3
9/30/92,2.96
8/31/92,2.96
7/31/92,2.97
6/30/92,3.02
5/31/92,2.97
4/30/92,3.02
3/31/92,3.03
2/29/92,2.98
1/31/92,2.94
12/31/91,3.14
11/30/91,3.17
10/31/91,3.17
9/30/91,3.17
8/31/91,3.14
7/31/91,3.21
6/30/91,3.21
5/31/91,3.21
4/30/91,3.19
3/31/91,3.25
2/28/91,3.34
1/31/91,3.72
12/31/90,3.68
11/30/90,3.81
10/31/90,3.88
9/30/90,3.75
8/31/90,3.56
7/31/90,3.26
6/30/90,3.24
5/31/90,3.3
4/30/90,3.38
3/31/90,3.34
2/28/90,3.4
1/31/90,3.28
12/31/89,3.17
11/30/89,3.22
10/31/89,3.12
9/30/89,3.09
8/31/89,3.06
7/31/89,3.16
6/30/89,3.2
5/31/89,3.27
4/30/89,3.35
3/31/89,3.42
2/28/89,3.38
1/31/89,3.45
12/31/88,3.53
11/30/88,3.56
10/31/88,3.44
9/30/88,3.53
8/31/88,3.56
7/31/88,3.46
6/30/88,3.41
5/31/88,3.57
4/30/88,3.44
3/31/88,3.37
2/29/88,3.45
1/31/88,3.54
12/31/87,3.66
11/30/87,3.58
10/31/87,3.11
9/30/87,2.72
8/31/87,2.61
7/31/87,2.76
6/30/87,2.83
5/31/87,2.93
4/30/87,2.9
3/31/87,2.85
2/28/87,2.96
1/31/87,3.14
12/31/86,3.33
11/30/86,3.37
10/31/86,3.47
9/30/86,3.45
8/31/86,3.34
7/31/86,3.39
6/30/86,3.3
5/31/86,3.39
4/30/86,3.38
3/31/86,3.45
2/28/86,3.64
1/31/86,3.81
12/31/85,3.81
11/30/85,3.99
10/31/85,4.22
9/30/85,4.26
8/31/85,4.15
7/31/85,4.04
6/30/85,4.1
5/31/85,4.17
4/30/85,4.26
3/31/85,4.27
2/28/85,4.21
1/31/85,4.41
12/31/84,4.58
11/30/84,4.5
10/31/84,4.51
9/30/84,4.44
8/31/84,4.47
7/31/84,4.85
6/30/84,4.77
5/31/84,4.64
4/30/84,4.58
3/31/84,4.56
2/29/84,4.55
1/31/84,4.28
12/31/83,4.31
11/30/83,4.27
10/31/83,4.19
9/30/83,4.19
8/31/83,4.3
7/31/83,4.17
6/30/83,4.17
5/31/83,4.22
4/30/83,4.39
3/31/83,4.55
2/28/83,4.7
1/31/83,4.77
12/31/82,4.93
11/30/82,4.97
10/31/82,5.17
9/30/82,5.6
8/31/82,6.23
7/31/82,6.24
6/30/82,6.21
5/31/82,5.82
4/30/82,5.8
3/31/82,6.06
2/28/82,5.84
1/31/82,5.68
12/31/81,5.36
11/30/81,5.36
10/31/81,5.47
9/30/81,5.51
8/31/81,5
7/31/81,4.98
6/30/81,4.83
5/31/81,4.82
4/30/81,4.7
3/31/81,4.71
2/28/81,4.86
1/31/81,4.66
12/31/80,4.61
11/30/80,4.52
10/31/80,4.69
9/30/80,4.8
8/31/80,4.88
7/31/80,4.99
6/30/80,5.18
5/31/80,5.47
4/30/80,5.68
3/31/80,5.54
2/29/80,4.99
1/31/80,5.14
12/31/79,5.24
11/30/79,5.4
10/31/79,5.32
9/30/79,5.07
8/31/79,5.08
7/31/79,5.25
6/30/79,5.25
5/31/79,5.31
4/30/79,5.14
3/31/79,5.19
2/28/79,5.25
1/31/79,5.13
12/31/78,5.28
11/30/78,5.34
10/31/78,5.01
9/30/78,4.83
8/31/78,4.8
7/31/78,5.09
6/30/78,5.03
5/31/78,5
4/30/78,5.22
3/31/78,5.4
2/28/78,5.35
1/31/78,5.22
12/31/77,4.98
11/30/77,4.89
10/31/77,4.86
9/30/77,4.68
8/31/77,4.56
7/31/77,4.4
6/30/77,4.39
5/31/77,4.36
4/30/77,4.29
3/31/77,4.17
2/28/77,4.1
1/31/77,3.95
12/31/76,3.87
11/30/76,3.94
10/31/76,3.84
9/30/76,3.65
8/31/76,3.7
7/31/76,3.64
6/30/76,3.69
5/31/76,3.69
4/30/76,3.64
3/31/76,3.65
2/29/76,3.66
1/31/76,3.8
12/31/75,4.15
11/30/75,4.1
10/31/75,4.18
9/30/75,4.38
8/31/75,4.33
7/31/75,4.01
6/30/75,4.02
5/31/75,4.1
4/30/75,4.35
3/31/75,4.38
2/28/75,4.55
1/31/75,4.99
12/31/74,5.37
11/30/74,5.01
10/31/74,5.17
9/30/74,5.27
8/31/74,4.68
7/31/74,4.45
6/30/74,3.9
5/31/74,3.88
4/30/74,3.74
3/31/74,3.53
2/28/74,3.66
1/31/74,3.54
12/31/73,3.57
11/30/73,3.28
10/31/73,3.01
9/30/73,3.1
8/31/73,3.13
7/31/73,3.06
6/30/73,3.07
5/31/73,2.99
4/30/73,2.89
3/31/73,2.82
2/28/73,2.77
1/31/73,2.67
12/31/72,2.68
11/30/72,2.72
10/31/72,2.83
9/30/72,2.82
8/31/72,2.77
7/31/72,2.87
6/30/72,2.84
5/31/72,2.85
4/30/72,2.82
3/31/72,2.85
2/29/72,2.92
1/31/72,2.97
12/31/71,3.1
11/30/71,3.32
10/31/71,3.17
9/30/71,3.11
8/31/71,3.18
7/31/71,3.13
6/30/71,3.11
5/31/71,3.05
4/30/71,3.02
3/31/71,3.12
2/28/71,3.21
1/31/71,3.35
12/31/70,3.49
11/30/70,3.75
10/31/70,3.76
9/30/70,3.86
8/31/70,4.09
7/31/70,4.2
6/30/70,4.21
5/31/70,4.18
4/30/70,3.69
3/31/70,3.58
2/28/70,3.63
1/31/70,3.5
12/31/69,3.47
11/30/69,3.28
10/31/69,3.3
9/30/69,3.33
8/31/69,3.34
7/31/69,3.31
6/30/69,3.16
5/31/69,2.98
4/30/69,3.07
3/31/69,3.12
2/28/69,3.04
1/31/69,3.02
12/31/68,2.88
11/30/68,2.9
10/31/68,2.93
9/30/68,2.99
8/31/68,3.07
7/31/68,2.99
6/30/68,2.98
5/31/68,3.04
4/30/68,3.1
3/31/68,3.31
2/29/68,3.24
1/31/68,3.08
12/31/67,3.06
11/30/67,3.15
10/31/67,3.05
9/30/67,3.05
8/31/67,3.08
7/31/67,3.13
6/30/67,3.17
5/31/67,3.13
4/30/67,3.19
3/31/67,3.24
2/28/67,3.31
1/31/67,3.41
12/31/66,3.53
11/30/66,3.55
10/31/66,3.74
9/30/66,3.71
8/31/66,3.56
7/31/66,3.32
6/30/66,3.29
5/31/66,3.24
4/30/66,3.05
3/31/66,3.13
2/28/66,2.98
1/31/66,2.94
12/31/65,2.97
11/30/65,2.93
10/31/65,2.93
9/30/65,2.98
8/31/65,3.06
7/31/65,3.09
6/30/65,3.07
5/31/65,2.9
4/30/65,2.92
3/31/65,2.94
2/28/65,2.92
1/31/65,2.92
12/31/64,2.98
11/30/64,2.9
10/31/64,2.9
9/30/64,2.93
8/31/64,2.95
7/31/64,2.88
6/30/64,2.97
5/31/64,2.93
4/30/64,2.94
3/31/64,2.96
2/29/64,2.99
1/31/64,3
12/31/63,3.07
11/30/63,3.11
10/31/63,3.06
9/30/63,3.03
8/31/63,3.11
7/31/63,3.19
6/30/63,3.14
5/31/63,3.11
4/30/63,3.15
3/31/63,3.27
2/28/63,3.25
1/31/63,3.28
12/31/62,3.4
11/30/62,3.52
10/31/62,3.73
9/30/62,3.59
8/31/62,3.54
7/31/62,3.63
6/30/62,3.7
5/31/62,3.26
4/30/62,3.01
3/31/62,2.9
2/28/62,2.9
1/31/62,2.93
12/31/61,2.82
11/30/61,2.81
10/31/61,2.91
9/30/61,2.91
8/31/61,2.88
7/31/61,2.97
6/30/61,2.96
5/31/61,2.92
4/30/61,2.95
3/31/61,3.03
2/28/61,3.13
1/31/61,3.26
12/31/60,3.43
11/30/60,3.52
10/31/60,3.63
9/30/60,3.56
8/31/60,3.45
7/31/60,3.49
6/30/60,3.41
5/31/60,3.53
4/30/60,3.49
3/31/60,3.53
2/29/60,3.41
1/31/60,3.22
12/31/59,3.1
11/30/59,3.19
10/31/59,3.19
9/30/59,3.17
8/31/59,3.04
7/31/59,3.01
6/30/59,3.12
5/31/59,3.08
4/30/59,3.11
3/31/59,3.15
2/28/59,3.22
1/31/59,3.16
12/31/58,3.27
11/30/58,3.32
10/31/58,3.41
9/30/58,3.53
8/31/58,3.63
7/31/58,3.76
6/30/58,3.87
5/31/58,3.99
4/30/58,4.15
3/31/58,4.2
2/28/58,4.31
1/31/58,4.34
12/31/57,4.44
11/30/57,4.41
10/31/57,4.29
9/30/57,4
8/31/57,3.82
7/31/57,3.59
6/30/57,3.64
5/31/57,3.7
4/30/57,3.84
3/31/57,3.93
2/28/57,3.99
1/31/57,3.82
12/31/56,3.75
11/30/56,3.88
10/31/56,3.91
9/30/56,3.93
8/31/56,3.77
7/31/56,3.72
6/30/56,3.89
5/31/56,3.82
4/30/56,3.65
3/31/56,3.64
2/29/56,3.83
1/31/56,3.78
12/31/55,3.61
11/30/55,3.63
10/31/55,3.86
9/30/55,3.65
8/31/55,3.78
7/31/55,3.72
6/30/55,3.95
5/31/55,4.17
4/30/55,4.14
3/31/55,4.27
2/28/55,4.22
1/31/55,4.34
12/31/54,4.4
11/30/54,4.54
10/31/54,4.64
9/30/54,4.67
8/31/54,4.76
7/31/54,4.83
6/30/54,5.01
5/31/54,5.07
4/30/54,5.3
3/31/54,5.53
2/28/54,5.62
1/31/54,5.72
12/31/53,5.84
11/30/53,5.88
10/31/53,5.97
9/30/53,6.1
8/31/53,5.82
7/31/53,5.85
6/30/53,5.93
5/31/53,5.7
4/30/53,5.72
3/31/53,5.43
2/28/53,5.45
1/31/53,5.39
12/31/52,5.41
11/30/52,5.69
10/31/52,5.92
9/30/52,5.85
8/31/52,5.76
7/31/52,5.78
6/30/52,5.95
5/31/52,6.07
4/30/52,6.02
3/31/52,5.96
2/29/52,5.96
1/31/52,5.84
12/31/51,6.02
11/30/51,6.37
10/31/51,6.35
9/30/51,6.47
8/31/51,6.7
7/31/51,7.05
6/30/51,7.24
5/31/51,7.05
4/30/51,7
3/31/51,7.03
2/28/51,6.83
1/31/51,7.01
12/31/50,7.44
11/30/50,7.18
10/31/50,6.93
9/30/50,6.97
8/31/50,6.98
7/31/50,7.15
6/30/50,6.4
5/31/50,6.45
4/30/50,6.61
3/31/50,6.74
2/28/50,6.74
1/31/50,6.81
12/31/49,6.89
11/30/49,6.87
10/31/49,6.75
9/30/49,6.71
8/31/49,6.76
7/31/49,6.96
6/30/49,7.3
5/31/49,6.81
4/30/49,6.67
3/31/49,6.57
2/28/49,6.52
1/31/49,6.16
12/31/48,6.12
11/30/48,5.95
10/31/48,5.5
9/30/48,5.52
8/31/48,5.42
7/31/48,5.22
6/30/48,5.05
5/31/48,5.26
4/30/48,5.52
3/31/48,5.94
2/29/48,6
1/31/48,5.69
12/31/47,5.59
11/30/47,5.39
10/31/47,5.22
9/30/47,5.25
8/31/47,5.05
7/31/47,4.88
6/30/47,5.12
5/31/47,5.21
4/30/47,5.02
3/31/47,4.75
2/28/47,4.54
1/31/47,4.69
12/31/46,4.69
11/30/46,4.79
10/31/46,4.72
9/30/46,4.57
8/31/46,3.88
7/31/46,3.79
6/30/46,3.66
5/31/46,3.64
4/30/46,3.64
3/31/46,3.88
2/28/46,3.73
1/31/46,3.7
12/31/45,3.81
11/30/45,3.87
10/31/45,4
9/30/45,4.17
8/31/45,4.43
7/31/45,4.42
6/30/45,4.31
5/31/45,4.39
4/30/45,4.55
3/31/45,4.67
2/28/45,4.64
1/31/45,4.77
12/31/44,4.89
11/30/44,4.99
10/31/44,4.96
9/30/44,5.08
8/31/44,4.97
7/31/44,4.87
6/30/44,4.97
5/31/44,5.18
4/30/44,5.24
3/31/44,5.12
2/29/44,5.24
1/31/44,5.18
12/31/43,5.31
11/30/43,5.35
10/31/43,5.08
9/30/43,5
8/31/43,5.08
7/31/43,4.8
6/30/43,4.88
5/31/43,4.96
4/30/43,5.16
3/31/43,5.33
2/28/43,5.52
1/31/43,5.85
12/31/42,6.2
11/30/42,6.34
10/31/42,6.55
9/30/42,7.14
8/31/42,7.37
7/31/42,7.48
6/30/42,7.92
5/31/42,8.45
4/30/42,8.67
3/31/42,8.44
2/28/42,8.05
1/31/42,7.88
12/31/41,8.11
11/30/41,7.54
10/31/41,7.15
9/30/41,6.84
8/31/41,6.82
7/31/41,6.76
6/30/41,7.07
5/31/41,7.28
4/30/41,7.09
3/31/41,6.83
2/28/41,6.84
1/31/41,6.38
12/31/40,6.36
11/30/40,6.1
10/31/40,6.24
9/30/40,6.3
8/31/40,6.5
7/31/40,6.57
6/30/40,6.72
5/31/40,6.08
4/30/40,5.19
3/31/40,5.19
2/29/40,5.13
1/31/40,5.07
12/31/39,5.01
11/30/39,4.74
10/31/39,4.5
9/30/39,4.39
8/31/39,4.77
7/31/39,4.61
6/30/39,4.64
5/31/39,4.69
4/30/39,4.83
3/31/39,4.2
2/28/39,4.17
1/31/39,4.11
12/31/38,4.02
11/30/38,4.28
10/31/38,4.67
9/30/38,5.62
8/31/38,5.58
7/31/38,5.83
6/30/38,7.25
5/31/38,7.55
4/30/38,7.75
3/31/38,7.57
2/28/38,7.13
1/31/38,7.01
12/31/37,7.26
11/30/37,7.05
10/31/37,6.35
9/30/37,5.36
8/31/37,4.74
7/31/37,4.93
6/30/37,5.37
5/31/37,4.98
4/30/37,4.59
3/31/37,4.15
2/28/37,4.09
1/31/37,4.15
12/31/36,4.22
11/30/36,3.94
10/31/36,3.83
9/30/36,3.8
8/31/36,3.72
7/31/36,3.66
6/30/36,3.74
5/31/36,3.79
4/30/36,3.47
3/31/36,3.36
2/29/36,3.37
1/31/36,3.49
12/31/35,3.6
11/30/35,3.53
10/31/35,3.78
9/30/35,3.79
8/31/35,3.87
7/31/35,4.13
6/30/35,4.35
5/31/35,4.55
4/30/35,4.94
3/31/35,5.35
2/28/35,5.01
1/31/35,4.86
12/31/34,4.86
11/30/34,4.88
10/31/34,5.01
9/30/34,5.04
8/31/34,4.91
7/31/34,4.71
6/30/34,4.48
5/31/34,4.53
4/30/34,4.06
3/31/34,4.12
2/28/34,3.9
1/31/34,4.18
12/31/33,4.41
11/30/33,4.55
10/31/33,4.71
9/30/33,4.3
8/31/33,4.31
7/31/33,4.14
6/30/33,4.52
5/31/33,5.36
4/30/33,6.97
3/31/33,7.78
2/28/33,7.84
1/31/33,6.98
12/31/32,7.33
11/30/32,7.47
10/31/32,7.77
9/30/32,7.02
8/31/32,8.06
7/31/32,12.64
6/30/32,13.84
5/31/32,12.46
4/30/32,11.36
3/31/32,8.96
2/29/32,9.32
1/31/32,9.56
12/31/31,9.72
11/30/31,8.02
10/31/31,8.26
9/30/31,7.27
8/31/31,6.28
7/31/31,6.19
6/30/31,6.49
5/31/31,6.37
4/30/31,5.84
3/31/31,5.36
2/28/31,5.54
1/31/31,6.05
12/31/30,6.32
11/30/30,5.89
10/31/30,5.46
9/30/30,4.7
8/31/30,4.7
7/31/30,4.63
6/30/30,4.53
5/31/30,4.07
4/30/30,3.82
3/31/30,4.06
2/28/30,4.21
1/31/30,4.47
12/31/29,4.53
11/30/29,4.66
10/31/29,3.39
9/30/29,3
8/31/29,3.09
7/31/29,3.23
6/30/29,3.48
5/31/29,3.51
4/30/29,3.52
3/31/29,3.46
2/28/29,3.48
1/31/29,3.46
12/31/28,3.67
11/30/28,3.66
10/31/28,3.87
9/30/28,3.92
8/31/28,4.16
7/31/28,4.26
6/30/28,4.26
5/31/28,4.02
4/30/28,4.11
3/31/28,4.33
2/29/28,4.52
1/31/28,4.43
12/31/27,4.41
11/30/27,4.47
10/31/27,4.54
9/30/27,4.43
8/31/27,4.64
7/31/27,4.84
6/30/27,4.9
5/31/27,4.92
4/30/27,5.04
3/31/27,5.12
2/28/27,5.15
1/31/27,5.2
12/31/26,5.11
11/30/26,5.17
10/31/26,5.18
9/30/26,5.01
8/31/26,5.03
7/31/26,5.17
6/30/26,5.33
5/31/26,5.51
4/30/26,5.49
3/31/26,5.27
2/28/26,4.85
1/31/26,4.8
12/31/25,4.82
11/30/25,4.86
10/31/25,4.98
9/30/25,5.1
8/31/25,5.18
7/31/25,5.22
6/30/25,5.32
5/31/25,5.38
4/30/25,5.51
3/31/25,5.41
2/28/25,5.23
1/31/25,5.24
12/31/24,5.41
11/30/24,5.69
10/31/24,5.99
9/30/24,5.89
8/31/24,5.82
7/31/24,6
6/30/24,6.26
5/31/24,6.36
4/30/24,6.31
3/31/24,6.15
2/29/24,6.01
1/31/24,6.02
12/31/23,6.2
11/30/23,6.39
10/31/23,6.56
9/30/23,6.44
8/31/23,6.46
7/31/23,6.47
6/30/23,6.24
5/31/23,5.98
4/30/23,5.68
3/31/23,5.46
2/28/23,5.53
1/31/23,5.75
12/31/22,5.81
11/30/22,5.75
10/31/22,5.42
9/30/22,5.49
8/31/22,5.59
7/31/22,5.75
6/30/22,5.74
5/31/22,5.64
4/30/22,5.81
3/31/22,6.1
2/28/22,6.28
1/31/22,6.36
12/31/21,6.29
11/30/21,6.58
10/31/21,6.99
9/30/21,7.15
8/31/21,7.39
7/31/21,7.36
6/30/21,7.4
5/31/21,6.87
4/30/21,7.14
3/31/21,7.23
2/28/21,7.11
1/31/21,7.11
12/31/20,7.49
11/30/20,6.84
10/31/20,6.51
9/30/20,6.54
8/31/20,6.8
7/31/20,6.55
6/30/20,6.57
5/31/20,6.47
4/30/20,6.08
3/31/20,6.06
2/29/20,6.5
1/31/20,5.98
12/31/19,5.94
11/30/19,5.8
10/31/19,5.67
9/30/19,5.99
8/31/19,6.13
7/31/19,5.75
6/30/19,5.97
5/31/19,6.17
4/30/19,6.64
3/31/19,6.9
2/28/19,7.15
1/31/19,7.22
12/31/18,7.22
11/30/18,7.2
10/31/18,7.51
9/30/18,7.96
8/31/18,8.05
7/31/18,8.26
6/30/18,8.46
5/31/18,8.6
4/30/18,9.02
3/31/18,9.07
2/28/18,9.02
1/31/18,9.43
12/31/17,10.15
11/30/17,9.65
10/31/17,8.7
9/30/17,8.1
8/31/17,7.58
7/31/17,7.23
6/30/17,6.91
5/31/17,6.93
4/30/17,6.58
3/31/17,6.36
2/28/17,6.44
1/31/17,5.96
12/31/16,5.71
11/30/16,5.38
10/31/16,5.39
9/30/16,5.45
8/31/16,5.56
7/31/16,5.48
6/30/16,5.29
5/31/16,5.22
4/30/16,5.22
3/31/16,5.04
2/29/16,4.91
1/31/16,4.72
12/31/15,4.54
11/30/15,4.54
10/31/15,4.69
9/30/15,4.94
8/31/15,5.11
7/31/15,5.32
6/30/15,5.29
5/31/15,5.34
4/30/15,5.2
3/31/15,5.58
2/28/15,5.71
1/31/15,5.63
12/31/14,5.71
11/30/14,5.53
10/31/14,5.6
9/30/14,5.66
8/31/14,5.73
7/31/14,5.79
6/30/14,5.54
5/31/14,5.57
4/30/14,5.67
3/31/14,5.59
2/28/14,5.54
1/31/14,5.68
12/31/13,5.97
11/30/13,5.96
10/31/13,5.81
9/30/13,5.63
8/31/13,5.68
7/31/13,5.83
6/30/13,5.91
5/31/13,5.61
4/30/13,5.46
3/31/13,5.45
2/28/13,5.35
1/31/13,5.16
12/31/12,5.12
11/30/12,4.92
10/31/12,4.86
9/30/12,4.84
8/31/12,4.86
7/31/12,4.96
6/30/12,4.96
5/31/12,4.95
4/30/12,4.94
3/31/12,5.08
2/29/12,5.22
1/31/12,5.16
12/31/11,5.16
11/30/11,5.18
10/31/11,5.39
9/30/11,5.42
8/31/11,5.13
7/31/11,4.88
6/30/11,4.86
5/31/11,4.96
4/30/11,5.06
3/31/11,5.04
2/28/11,4.98
1/31/11,5.07
12/31/10,5.19
11/30/10,5.02
10/31/10,4.99
9/30/10,5.19
8/31/10,5.2
7/31/10,5.3
6/30/10,5
5/31/10,4.73
4/30/10,4.63
3/31/10,4.49
2/28/10,4.58
1/31/10,4.39
12/31/09,4.27
11/30/09,4.29
10/31/09,4.24
9/30/09,4.22
8/31/09,4.19
7/31/09,4.26
6/30/09,4.29
5/31/09,4.33
4/30/09,4.43
3/31/09,4.6
2/28/09,4.62
1/31/09,4.45
12/31/08,4.43
11/30/08,4.57
10/31/08,4.92
9/30/08,5.02
8/31/08,5
7/31/08,5.26
6/30/08,5.5
5/31/08,5.55
4/30/08,5.89
3/31/08,6.26
2/29/08,6.57
1/31/08,6.38
12/31/07,6.7
11/30/07,6.99
10/31/07,6.53
9/30/07,5.77
8/31/07,5.67
7/31/07,5.2
6/30/07,5.36
5/31/07,5.14
4/30/07,4.93
3/31/07,4.91
2/28/07,4.39
1/31/07,4.22
12/31/06,4.07
11/30/06,3.97
10/31/06,3.99
9/30/06,3.81
8/31/06,3.87
7/31/06,4.09
6/30/06,3.92
5/31/06,3.91
4/30/06,3.75
3/31/06,3.63
2/28/06,3.49
1/31/06,3.4
12/31/05,3.46
11/30/05,3.53
10/31/05,3.49
9/30/05,3.52
8/31/05,3.51
7/31/05,3.63
6/30/05,3.72
5/31/05,3.74
4/30/05,3.54
3/31/05,3.48
2/28/05,3.56
1/31/05,3.7
12/31/04,3.76
11/30/04,3.83
10/31/04,4.09
9/30/04,4.37
8/31/04,4.61
7/31/04,4.82
6/30/04,5.07
5/31/04,5.13
4/30/04,5.07
3/31/04,5.25
2/29/04,5.28
1/31/04,5.19
12/31/03,5.33
11/30/03,5.55
10/31/03,5.54
9/30/03,5.33
8/31/03,5.18
7/31/03,4.99
6/30/03,4.74
5/31/03,4.45
4/30/03,4.34
3/31/03,4.15
2/28/03,3.96
1/31/03,3.92
12/31/02,4.1
11/30/02,4
10/31/02,3.83
9/30/02,3.7
8/31/02,3.7
7/31/02,3.79
6/30/02,3.86
5/31/02,3.83
4/30/02,3.81
3/31/02,3.93
2/28/02,3.93
1/31/02,3.95
12/31/01,4.03
11/30/01,3.94
10/31/01,4
9/30/01,3.94
8/31/01,3.9
7/31/01,3.93
6/30/01,3.65
5/31/01,3.99
4/30/01,3.77
3/31/01,4.06
2/28/01,4.18
1/31/01,4.27
12/31/00,4.37
11/30/00,4.51
10/31/00,4.74
9/30/00,4.78
8/31/00,4.55
7/31/00,4.48
6/30/00,4.35
5/31/00,4.1
4/30/00,3.79
3/31/00,3.71
2/28/00,3.62
1/31/00,3.57
1899-12-31,3.49
1899-11-30,3.24
1899-10-31,3.29
1899-09-30,3.26
1899-08-31,3.21
1899-07-31,3.28
1899-06-30,3.38
1899-05-31,3.29
1899-04-30,3.14
1899-03-31,3.16
1899-02-28,3.2
1899-01-31,3.3
1898-12-31,3.54
1898-11-30,3.73
1898-10-31,3.82
1898-09-30,3.71
1898-08-31,3.67
1898-07-31,3.77
1898-06-30,3.75
1898-05-31,3.87
1898-04-30,4.09
1898-03-31,3.98
1898-02-28,3.76
1898-01-31,3.72
1897-12-31,3.79
1897-11-30,3.87
1897-10-31,3.73
1897-09-30,3.61
1897-08-31,3.79
1897-07-31,4.04
1897-06-30,4.22
1897-05-31,4.41
1897-04-30,4.43
1897-03-31,4.3
1897-02-28,4.31
1897-01-31,4.27
1896-12-31,4.27
1896-11-30,4.13
1896-10-31,4.43
1896-09-30,4.55
1896-08-31,4.81
1896-07-31,4.56
1896-06-30,4.28
1896-05-31,4.22
1896-04-30,4.22
1896-03-31,4.28
1896-02-29,4.23
1896-01-31,4.43
1895-12-31,4.4
1895-11-30,4.18
1895-10-31,4.07
1895-09-30,4.05
1895-08-31,4.11
1895-07-31,4.2
1895-06-30,4.26
1895-05-31,4.38
1895-04-30,4.65
1895-03-31,4.89
1895-02-28,4.93
1895-01-31,4.9
1894-12-31,4.88
1894-11-30,4.91
1894-10-31,4.99
1894-09-30,4.91
1894-08-31,5.06
1894-07-31,5.33
1894-06-30,5.3
1894-05-31,5.3
1894-04-30,5.18
1894-03-31,5.32
1894-02-28,5.55
1894-01-31,5.71
1893-12-31,5.67
1893-11-30,5.45
1893-10-31,5.52
1893-09-30,5.66
1893-08-31,6.05
1893-07-31,5.88
1893-06-30,5.31
1893-05-31,5.05
1893-04-30,4.58
1893-03-31,4.57
1893-02-28,4.39
1893-01-31,4.29
1892-12-31,4.36
1892-11-30,4.28
1892-10-31,4.23
1892-09-30,4.29
1892-08-31,4.15
1892-07-31,4.18
1892-06-30,4.15
1892-05-31,4.1
1892-04-30,4.07
1892-03-31,4.03
1892-02-29,4.05
1892-01-31,4.02
1891-12-31,4.07
1891-11-30,4.19
1891-10-31,4.13
1891-09-30,4.13
1891-08-31,4.46
1891-07-31,4.61
1891-06-30,4.54
1891-05-31,4.44
1891-04-30,4.43
1891-03-31,4.57
1891-02-28,4.49
1891-01-31,4.55
1890-12-31,4.78
1890-11-30,4.67
1890-10-31,4.33
1890-09-30,4.14
1890-08-31,4.07
1890-07-31,3.97
1890-06-30,3.94
1890-05-31,3.91
1890-04-30,4.08
1890-03-31,4.17
1890-02-28,4.14
1890-01-31,4.09
1889-12-31,4.14
1889-11-30,4.13
1889-10-31,4.11
1889-09-30,4.05
1889-08-31,4.16
1889-07-31,4.23
1889-06-30,4.16
1889-05-31,4.24
1889-04-30,4.38
1889-03-31,4.38
1889-02-28,4.31
1889-01-31,4.37
1888-12-31,4.47
1888-11-30,4.42
1888-10-31,4.36
1888-09-30,4.37
1888-08-31,4.51
1888-07-31,4.64
1888-06-30,4.79
1888-05-31,4.68
1888-04-30,4.77
1888-03-31,4.82
1888-02-29,4.67
1888-01-31,4.68
1887-12-31,4.74
1887-11-30,4.67
1887-10-31,4.71
1887-09-30,4.51
1887-08-31,4.4
1887-07-31,4.25
1887-06-30,4.1
1887-05-31,3.94
1887-04-30,3.97
1887-03-31,4.01
1887-02-28,4.06
1887-01-31,3.99
1886-12-31,3.9
1886-11-30,3.83
1886-10-31,3.95
1886-09-30,4.08
1886-08-31,4.22
1886-07-31,4.28
1886-06-30,4.38
1886-05-31,4.62
1886-04-30,4.56
1886-03-31,4.53
1886-02-28,4.47
1886-01-31,4.58
1885-12-31,4.62
1885-11-30,4.69
1885-10-31,5.12
1885-09-30,5.54
1885-08-31,5.59
1885-07-31,6.04
1885-06-30,6.4
1885-05-31,6.5
1885-04-30,6.56
1885-03-31,6.68
1885-02-28,6.83
1885-01-31,7.17
1884-12-31,7.14
1884-11-30,7.17
1884-10-31,7.06
1884-09-30,6.86
1884-08-31,6.68
1884-07-31,7.14
1884-06-30,7.17
1884-05-31,6.92
1884-04-30,6.39
1884-03-31,6.13
1884-02-29,6.14
1884-01-31,6.34
1883-12-31,6.18
1883-11-30,6.03
1883-10-31,6.1
1883-09-30,5.92
1883-08-31,5.97
1883-07-31,5.69
1883-06-30,5.58
1883-05-31,5.62
1883-04-30,5.51
1883-03-31,5.61
1883-02-28,5.66
1883-01-31,5.52
1882-12-31,5.48
1882-11-30,5.51
1882-10-31,5.27
1882-09-30,5.13
1882-08-31,5.18
1882-07-31,5.33
1882-06-30,5.63
1882-05-31,5.6
1882-04-30,5.54
1882-03-31,5.54
1882-02-28,5.53
1882-01-31,5.41
1881-12-31,5.32
1881-11-30,5.09
1881-10-31,5.04
1881-09-30,4.88
1881-08-31,4.84
1881-07-31,4.65
1881-06-30,4.41
1881-05-31,4.38
1881-04-30,4.5
1881-03-31,4.41
1881-02-28,4.38
1881-01-31,4.28
1880-12-31,4.45
1880-11-30,4.55
1880-10-31,4.69
1880-09-30,4.73
1880-08-31,4.62
1880-07-31,4.69
1880-06-30,4.8
1880-05-31,4.72
1880-04-30,4.25
1880-03-31,4.06
1880-02-29,4.04
1880-01-31,4.01
1879-12-31,4.07
1879-11-30,4.02
1879-10-31,4.2
1879-09-30,4.62
1879-08-31,4.75
1879-07-31,4.75
1879-06-30,4.8
1879-05-31,4.78
1879-04-30,4.95
1879-03-31,5.07
1879-02-28,4.94
1879-01-31,5.08
1878-12-31,5.22
1878-11-30,5.21
1878-10-31,5.22
1878-09-30,5.18
1878-08-31,5.31
1878-07-31,5.29
1878-06-30,5.43
1878-05-31,5.56
1878-04-30,5.61
1878-03-31,5.79
1878-02-28,5.92
1878-01-31,5.82
1877-12-31,5.85
1877-11-30,6.11
1877-10-31,6.29
1877-09-30,6.71
1877-08-31,7.43
1877-07-31,8.27
1877-06-30,8.97
1877-05-31,8.65
1877-04-30,8.96
1877-03-31,8.6
1877-02-28,8.43
1877-01-31,8.19
1876-12-31,8.38
1876-11-30,8.33
1876-10-31,8.17
1876-09-30,8.13
1876-08-31,7.63
1876-07-31,7.32
1876-06-30,7.23
1876-05-31,7.18
1876-04-30,6.91
1876-03-31,6.65
1876-02-29,6.64
1876-01-31,6.73
1875-12-31,6.86
1875-11-30,6.92
1875-10-31,7.09
1875-09-30,7.04
1875-08-31,7.03
1875-07-31,7.12
1875-06-30,7.19
1875-05-31,7.1
1875-04-30,6.88
1875-03-31,7.03
1875-02-28,7.17
1875-01-31,7.21
1874-12-31,7.27
1874-11-30,7.22
1874-10-31,7.28
1874-09-30,7.27
1874-08-31,7.38
1874-07-31,7.4
1874-06-30,7.4
1874-05-31,7.37
1874-04-30,7.17
1874-03-31,6.98
1874-02-28,6.88
1874-01-31,7.08
1873-12-31,7.47
1873-11-30,8.11
1873-10-31,7.76
1873-09-30,7.03
1873-08-31,6.44
1873-07-31,6.39
1873-06-30,6.33
1873-05-31,6.19
1873-04-30,6.15
1873-03-31,6.02
1873-02-28,5.92
1873-01-31,5.92
1872-12-31,5.92
1872-11-30,5.99
1872-10-31,5.9
1872-09-30,5.86
1872-08-31,5.69
1872-07-31,5.55
1872-06-30,5.46
1872-05-31,5.34
1872-04-30,5.28
1872-03-31,5.36
1872-02-29,5.47
1872-01-31,5.42
1871-12-31,5.49
1871-11-30,5.6
1871-10-31,5.66
1871-09-30,5.37
1871-08-31,5.43
1871-07-31,5.5
1871-06-30,5.39
1871-05-31,5.35
1871-04-30,5.49
1871-03-31,5.64
1871-02-28,5.78
1871-01-31,5.86